matrix,label,blockA,rel,hops,blockC,region,filters,step,endpoint,status,ms,rows,bytes,errorClass,errorMsg
M1,"samples near(1) samples [ME]",samples,near,1,samples,ME,"none",FIND_TARGET_IRIS,federation,429,32372,0,145656,timeout-30s,"Operation timed out. Last operation: Sort (internal order) on ?iri"
M1,"samples near(1) facilities [ME]",samples,near,1,facilities,ME,"none",FIND_TARGET_IRIS,federation,200,15186,2273,226006,ok,""
M1,"samples near(1) waterBodies [ME]",samples,near,1,waterBodies,ME,"none",FIND_TARGET_IRIS,federation,200,1699,2199,219109,ok,""
M1,"samples near(1) wells [ME]",samples,near,1,wells,ME,"none",FIND_TARGET_IRIS,federation,200,5140,4279,426312,ok,""
M1,"samples near(1) aquifers [ME]",samples,near,1,aquifers,ME,"none",FIND_TARGET_IRIS,federation,200,1606,2759,275124,ok,""
M1,"facilities near(1) samples [ME]",facilities,near,1,samples,ME,"none",FIND_TARGET_IRIS,federation,200,16321,1358,131776,ok,""
M1,"facilities near(1) facilities [ME]",facilities,near,1,facilities,ME,"none",FIND_TARGET_IRIS,federation,200,2327,2976,288722,ok,""
M1,"facilities near(1) waterBodies [ME]",facilities,near,1,waterBodies,ME,"none",FIND_TARGET_IRIS,federation,200,856,1591,154377,ok,""
M1,"facilities near(1) wells [ME]",facilities,near,1,wells,ME,"none",FIND_TARGET_IRIS,federation,200,2829,2900,281350,ok,""
M1,"facilities near(1) aquifers [ME]",facilities,near,1,aquifers,ME,"none",FIND_TARGET_IRIS,federation,200,1593,1728,167666,ok,""
M1,"waterBodies near(1) samples [ME]",waterBodies,near,1,samples,ME,"none",FIND_TARGET_IRIS,federation,200,24730,591,46171,ok,""
M1,"waterBodies near(1) facilities [ME]",waterBodies,near,1,facilities,ME,"none",FIND_TARGET_IRIS,federation,200,965,1015,79236,ok,""
M1,"waterBodies near(1) waterBodies [ME]",waterBodies,near,1,waterBodies,ME,"none",FIND_TARGET_IRIS,federation,200,1475,6612,515329,ok,""
M1,"waterBodies near(1) wells [ME]",waterBodies,near,1,wells,ME,"none",FIND_TARGET_IRIS,federation,200,3634,3553,277151,ok,""
M1,"waterBodies near(1) aquifers [ME]",waterBodies,near,1,aquifers,ME,"none",FIND_TARGET_IRIS,federation,200,2212,3165,246903,ok,""
M1,"wells near(1) samples [ME]",wells,near,1,samples,ME,"none",FIND_TARGET_IRIS,federation,200,2390,14897,1419183,ok,""
M1,"wells near(1) facilities [ME]",wells,near,1,facilities,ME,"none",FIND_TARGET_IRIS,federation,200,1675,25668,2445455,ok,""
M1,"wells near(1) waterBodies [ME]",wells,near,1,waterBodies,ME,"none",FIND_TARGET_IRIS,federation,200,3126,52861,5039837,ok,""
M1,"wells near(1) wells [ME]",wells,near,1,wells,ME,"none",FIND_TARGET_IRIS,federation,200,2462,83038,7915711,ok,""
M1,"wells near(1) aquifers [ME]",wells,near,1,aquifers,ME,"none",FIND_TARGET_IRIS,federation,200,1180,40080,3820012,ok,""
M1,"aquifers near(1) samples [ME]",aquifers,near,1,samples,ME,"none",FIND_TARGET_IRIS,federation,200,6180,899,88152,ok,""
M1,"aquifers near(1) facilities [ME]",aquifers,near,1,facilities,ME,"none",FIND_TARGET_IRIS,federation,200,857,1504,147442,ok,""
M1,"aquifers near(1) waterBodies [ME]",aquifers,near,1,waterBodies,ME,"none",FIND_TARGET_IRIS,federation,200,553,3712,363826,ok,""
M1,"aquifers near(1) wells [ME]",aquifers,near,1,wells,ME,"none",FIND_TARGET_IRIS,federation,200,5279,3659,358632,ok,""
M1,"aquifers near(1) aquifers [ME]",aquifers,near,1,aquifers,ME,"none",FIND_TARGET_IRIS,federation,200,661,4972,487306,ok,""
M9,"samples near(1) facilities [1 county (Cumberland)]",samples,near,1,facilities,1 county (Cumberland),"none",FIND_TARGET_IRIS,federation,200,848,430,42417,ok,""
M9,"samples near(1) facilities [3 counties]",samples,near,1,facilities,3 counties,"none",FIND_TARGET_IRIS,federation,200,1398,1048,104024,ok,""
M9,"samples downstream facilities [1 county (Cumberland)]",samples,downstream,,facilities,1 county (Cumberland),"none",FIND_TARGET_IRIS,federation,200,11275,339,33660,ok,""
M9,"samples downstream facilities [3 counties]",samples,downstream,,facilities,3 counties,"none",FIND_TARGET_IRIS,federation,200,15012,902,89702,ok,""
M4,"samples near(0) facilities [ME]",samples,near,0,facilities,ME,"none",FIND_TARGET_IRIS,federation,200,689,985,97829,ok,""
M4,"samples near(0) wells [ME]",samples,near,0,wells,ME,"none",FIND_TARGET_IRIS,federation,200,409,3254,324661,ok,""
M4,"wells near(0) facilities [ME]",wells,near,0,facilities,ME,"none",FIND_TARGET_IRIS,federation,200,460,5462,520181,ok,""
M4,"waterBodies near(0) facilities [ME]",waterBodies,near,0,facilities,ME,"none",FIND_TARGET_IRIS,federation,200,311,352,27529,ok,""
M4,"samples near(0) waterBodies [ME]",samples,near,0,waterBodies,ME,"none",FIND_TARGET_IRIS,federation,200,297,709,70653,ok,""
M4,"samples near(2) facilities [ME]",samples,near,2,facilities,ME,"none",FIND_TARGET_IRIS,federation,200,6526,3061,304522,ok,""
M4,"samples near(2) wells [ME]",samples,near,2,wells,ME,"none",FIND_TARGET_IRIS,federation,200,11857,4438,442021,ok,""
M4,"wells near(2) facilities [ME]",wells,near,2,facilities,ME,"none",FIND_TARGET_IRIS,federation,200,18875,45280,4314627,ok,""
M4,"waterBodies near(2) facilities [ME]",waterBodies,near,2,facilities,ME,"none",FIND_TARGET_IRIS,federation,200,6735,1628,127046,ok,""
M4,"samples near(2) waterBodies [ME]",samples,near,2,waterBodies,ME,"none",FIND_TARGET_IRIS,federation,200,10562,3120,310874,ok,""
M4,"samples near(3) facilities [ME]",samples,near,3,facilities,ME,"none",FIND_TARGET_IRIS,federation,200,20865,3734,371680,ok,""
M4,"samples near(3) wells [ME]",samples,near,3,wells,ME,"none",FIND_TARGET_IRIS,federation,200,21882,4500,448158,ok,""
M4,"wells near(3) facilities [ME]",wells,near,3,facilities,ME,"none",FIND_TARGET_IRIS,federation,200,16425,59773,5696279,ok,""
M4,"waterBodies near(3) facilities [ME]",waterBodies,near,3,facilities,ME,"none",FIND_TARGET_IRIS,federation,200,8600,2245,175154,ok,""
M4,"samples near(3) waterBodies [ME]",samples,near,3,waterBodies,ME,"none",FIND_TARGET_IRIS,federation,429,30735,0,98857,timeout-30s,"Operation timed out. Last operation: Join on ?_QLever_internal_variable_qp_1"
M4,"samples near(4) facilities [ME]",samples,near,4,facilities,ME,"none",FIND_TARGET_IRIS,federation,200,14729,4100,408270,ok,""
M4,"samples near(4) wells [ME]",samples,near,4,wells,ME,"none",FIND_TARGET_IRIS,federation,200,25625,4521,450253,ok,""
M4,"wells near(4) facilities [ME]",wells,near,4,facilities,ME,"none",FIND_TARGET_IRIS,federation,429,33339,0,102148,timeout-30s,"Operation timed out. Last operation: Join on ?_QLever_internal_variable_qp_0"
M4,"waterBodies near(4) facilities [ME]",waterBodies,near,4,facilities,ME,"none",FIND_TARGET_IRIS,federation,429,24422,0,96239,timeout-sort-estimate,"Sort operation was canceled, because time estimate exceeded remaining time by a factor of 3 Last operation: Sort (internal order) on ?s2anchor"
M4,"samples near(4) waterBodies [ME]",samples,near,4,waterBodies,ME,"none",FIND_TARGET_IRIS,federation,200,3438,4242,422366,ok,""
M8,"substance filter (PFOS)",samples,near,1,facilities,ME,"substance",FIND_TARGET_IRIS,federation,200,16100,1375,137087,ok,""
M8,"material filter (GW)",samples,near,1,facilities,ME,"material",FIND_TARGET_IRIS,federation,200,1005,0,51,ok,""
M8,"concentration range 10-1000",samples,near,1,facilities,ME,"range",FIND_TARGET_IRIS,federation,200,13334,944,94142,ok,""
M8,"exclude non-detects",samples,near,1,facilities,ME,"nondetect",FIND_TARGET_IRIS,federation,200,1533,1892,188313,ok,""
M8,"substance + downstream",samples,downstream,,facilities,ME,"substance+ds",FIND_TARGET_IRIS,federation,200,27890,1406,140054,ok,""
M8,"NAICS 2-digit (whole sector 31)",samples,near,1,facilities,ME,"naics-sector",FIND_TARGET_IRIS,federation,200,11647,334,32910,ok,""
M8,"aquifer type filter",samples,near,1,aquifers,ME,"aquifer-type",FIND_TARGET_IRIS,federation,200,30021,2759,275124,ok,""
M8,"waterbody ftype filter",samples,near,1,waterBodies,ME,"wb-ftype",FIND_TARGET_IRIS,federation,200,2049,1583,157769,ok,""
M2,"samples downstream samples [ME]",samples,downstream,,samples,ME,"none",FIND_TARGET_IRIS,federation,200,9769,3214,320324,ok,""
M2,"samples downstream facilities [ME]",samples,downstream,,facilities,ME,"none",FIND_TARGET_IRIS,federation,200,12085,2412,240234,ok,""
M2,"samples downstream waterBodies [ME]",samples,downstream,,waterBodies,ME,"none",FIND_TARGET_IRIS,federation,200,19820,2610,260032,ok,""
M2,"samples downstream wells [ME]",samples,downstream,,wells,ME,"none",FIND_TARGET_IRIS,federation,429,34614,0,97641,timeout-30s,"Operation timed out. Last operation: Sort (internal order) on ?iri"
M2,"samples downstream aquifers [ME]",samples,downstream,,aquifers,ME,"none",FIND_TARGET_IRIS,federation,200,25410,2741,273105,ok,""
M2,"facilities downstream samples [ME]",facilities,downstream,,samples,ME,"none",FIND_TARGET_IRIS,federation,200,17367,1657,160779,ok,""
M2,"facilities downstream facilities [ME]",facilities,downstream,,facilities,ME,"none",FIND_TARGET_IRIS,federation,500,30111,0,126070,engine-oom,"Tried to allocate 5.9 GB, but only 4.4 GB were available"
M2,"facilities downstream waterBodies [ME]",facilities,downstream,,waterBodies,ME,"none",FIND_TARGET_IRIS,federation,500,29218,0,173840,engine-oom,"Tried to allocate 6.1 GB, but only 6.1 GB were available"
M2,"facilities downstream wells [ME]",facilities,downstream,,wells,ME,"none",FIND_TARGET_IRIS,federation,429,31235,0,108297,timeout-30s,"Operation timed out. Last operation: Join on ?upstream_flowline"
M2,"facilities downstream aquifers [ME]",facilities,downstream,,aquifers,ME,"none",FIND_TARGET_IRIS,federation,500,30355,0,127956,engine-oom,"Tried to allocate 3.2 GB, but only 2.2 GB were available"
M2,"waterBodies downstream samples [ME]",waterBodies,downstream,,samples,ME,"none",FIND_TARGET_IRIS,federation,200,10886,1511,117916,ok,""
M2,"waterBodies downstream facilities [ME]",waterBodies,downstream,,facilities,ME,"none",FIND_TARGET_IRIS,federation,429,32300,0,128874,timeout-30s,"Operation timed out. Last operation: Join on ?ds_flowline"
M2,"waterBodies downstream waterBodies [ME]",waterBodies,downstream,,waterBodies,ME,"none",FIND_TARGET_IRIS,federation,200,28605,6095,474989,ok,""
M2,"waterBodies downstream wells [ME]",waterBodies,downstream,,wells,ME,"none",FIND_TARGET_IRIS,federation,429,32946,0,96493,timeout-30s,"Operation timed out. Last operation: Sort (internal order) on ?iri"
M2,"waterBodies downstream aquifers [ME]",waterBodies,downstream,,aquifers,ME,"none",FIND_TARGET_IRIS,federation,500,30067,0,107391,engine-oom,"Tried to allocate 3.2 GB, but only 2.4 GB were available"
M2,"wells downstream samples [ME]",wells,downstream,,samples,ME,"none",FIND_TARGET_IRIS,federation,200,24164,28920,2755971,ok,""
M2,"wells downstream facilities [ME]",wells,downstream,,facilities,ME,"none",FIND_TARGET_IRIS,federation,429,30254,0,111623,timeout-30s,"Operation timed out. Last operation: Join on ?s2neighbor"
M2,"wells downstream waterBodies [ME]",wells,downstream,,waterBodies,ME,"none",FIND_TARGET_IRIS,federation,429,30674,0,107879,timeout-30s,"Operation timed out. Last operation: Join on ?upstream_flowline"
M2,"wells downstream wells [ME]",wells,downstream,,wells,ME,"none",FIND_TARGET_IRIS,federation,429,30710,0,101622,timeout-30s,"Operation timed out. Last operation: Join on ?upstream_flowline"
M2,"wells downstream aquifers [ME]",wells,downstream,,aquifers,ME,"none",FIND_TARGET_IRIS,federation,500,35284,0,111872,engine-oom,"Tried to allocate 3.2 GB, but only 2.2 GB were available"
M2,"aquifers downstream samples [ME]",aquifers,downstream,,samples,ME,"none",FIND_TARGET_IRIS,federation,200,13024,2599,254752,ok,""
M2,"aquifers downstream facilities [ME]",aquifers,downstream,,facilities,ME,"none",FIND_TARGET_IRIS,federation,200,28381,3242,317766,ok,""
M2,"aquifers downstream waterBodies [ME]",aquifers,downstream,,waterBodies,ME,"none",FIND_TARGET_IRIS,federation,500,31856,0,104395,engine-oom,"Tried to allocate 1.6 GB, but only 949.9 MB were available"
M2,"aquifers downstream wells [ME]",aquifers,downstream,,wells,ME,"none",FIND_TARGET_IRIS,federation,429,30847,0,98415,timeout-30s,"Operation timed out. Last operation: Join on ?upstream_flowline"
M2,"aquifers downstream aquifers [ME]",aquifers,downstream,,aquifers,ME,"none",FIND_TARGET_IRIS,federation,500,30922,0,108665,engine-oom,"Tried to allocate 1.6 GB, but only 1.5 GB were available"
M3,"samples upstream samples [ME]",samples,upstream,,samples,ME,"none",FIND_TARGET_IRIS,federation,200,13108,3221,320942,ok,""
M3,"samples upstream facilities [ME]",samples,upstream,,facilities,ME,"none",FIND_TARGET_IRIS,federation,200,13697,2739,265733,ok,""
M3,"samples upstream waterBodies [ME]",samples,upstream,,waterBodies,ME,"none",FIND_TARGET_IRIS,federation,200,13481,6072,473293,ok,""
M3,"samples upstream wells [ME]",samples,upstream,,wells,ME,"none",FIND_TARGET_IRIS,federation,200,24314,47730,4550182,ok,""
M3,"samples upstream aquifers [ME]",samples,upstream,,aquifers,ME,"none",FIND_TARGET_IRIS,federation,200,12610,4650,455750,ok,""
M3,"facilities upstream samples [ME]",facilities,upstream,,samples,ME,"none",FIND_TARGET_IRIS,federation,200,24333,3195,318366,ok,""
M3,"facilities upstream facilities [ME]",facilities,upstream,,facilities,ME,"none",FIND_TARGET_IRIS,federation,429,31640,0,115383,timeout-30s,"Operation timed out. Last operation: Join on ?ds_flowline"
M3,"facilities upstream waterBodies [ME]",facilities,upstream,,waterBodies,ME,"none",FIND_TARGET_IRIS,federation,500,23294,0,111777,engine-oom,"Tried to allocate 1.6 GB, but only 1 GB were available"
M3,"facilities upstream wells [ME]",facilities,upstream,,wells,ME,"none",FIND_TARGET_IRIS,federation,429,32067,0,117040,timeout-30s,"Operation timed out. Last operation: Sort (internal order) on ?ds_flowline"
M3,"facilities upstream aquifers [ME]",facilities,upstream,,aquifers,ME,"none",FIND_TARGET_IRIS,federation,500,27780,0,111636,engine-oom,"Tried to allocate 1.6 GB, but only 1.1 GB were available"
M3,"waterBodies upstream samples [ME]",waterBodies,upstream,,samples,ME,"none",FIND_TARGET_IRIS,federation,200,8891,3064,305306,ok,""
M3,"waterBodies upstream facilities [ME]",waterBodies,upstream,,facilities,ME,"none",FIND_TARGET_IRIS,federation,200,13035,2770,268740,ok,""
M3,"waterBodies upstream waterBodies [ME]",waterBodies,upstream,,waterBodies,ME,"none",FIND_TARGET_IRIS,federation,200,20120,6504,506964,ok,""
M3,"waterBodies upstream wells [ME]",waterBodies,upstream,,wells,ME,"none",FIND_TARGET_IRIS,federation,200,28050,51437,4903673,ok,""
M3,"waterBodies upstream aquifers [ME]",waterBodies,upstream,,aquifers,ME,"none",FIND_TARGET_IRIS,federation,200,15534,4764,466922,ok,""
M3,"wells upstream samples [ME]",wells,upstream,,samples,ME,"none",FIND_TARGET_IRIS,federation,429,36053,0,107578,timeout-30s,"Operation timed out. Last operation: Sort (internal order) on ?iri"
M3,"wells upstream facilities [ME]",wells,upstream,,facilities,ME,"none",FIND_TARGET_IRIS,federation,429,31332,0,116117,timeout-30s,"Operation timed out. Last operation: Join on ?s2anchor"
M3,"wells upstream waterBodies [ME]",wells,upstream,,waterBodies,ME,"none",FIND_TARGET_IRIS,federation,500,29900,0,107648,engine-oom,"Tried to allocate 1.6 GB, but only 1.3 GB were available"
M3,"wells upstream wells [ME]",wells,upstream,,wells,ME,"none",FIND_TARGET_IRIS,federation,429,31254,0,110507,timeout-30s,"Operation timed out. Last operation: Join on ?s2anchor"
M3,"wells upstream aquifers [ME]",wells,upstream,,aquifers,ME,"none",FIND_TARGET_IRIS,federation,500,28364,0,107524,engine-oom,"Tried to allocate 1.6 GB, but only 1.2 GB were available"
M3,"aquifers upstream samples [ME]",aquifers,upstream,,samples,ME,"none",FIND_TARGET_IRIS,federation,200,23243,2935,292622,ok,""
M3,"aquifers upstream facilities [ME]",aquifers,upstream,,facilities,ME,"none",FIND_TARGET_IRIS,federation,200,17060,1919,186193,ok,""
M3,"aquifers upstream waterBodies [ME]",aquifers,upstream,,waterBodies,ME,"none",FIND_TARGET_IRIS,federation,500,17979,0,114014,engine-oom,"Tried to allocate 1.6 GB, but only 1.6 GB were available"
M3,"aquifers upstream wells [ME]",aquifers,upstream,,wells,ME,"none",FIND_TARGET_IRIS,federation,429,32412,0,118747,timeout-30s,"Operation timed out. Last operation: BIND (?wellC AS ?iri)"
M3,"aquifers upstream aquifers [ME]",aquifers,upstream,,aquifers,ME,"none",FIND_TARGET_IRIS,federation,429,25938,0,114010,timeout-sort-estimate,"Sort operation was canceled, because time estimate exceeded remaining time by a factor of 3 Last operation: Sort (internal order) on ?iri"
M6,"samples downstream facilities [17]",samples,downstream,,facilities,17,"none",FIND_TARGET_IRIS,federation,429,31036,0,107262,timeout-30s,"Operation timed out. Last operation: Join on ?s2neighbor"
M6,"samples downstream facilities [18]",samples,downstream,,facilities,18,"none",FIND_TARGET_IRIS,federation,429,31204,0,109540,timeout-30s,"Operation timed out. Last operation: Sort (internal order) on ?iri"
M6,"samples downstream facilities [25]",samples,downstream,,facilities,25,"none",FIND_TARGET_IRIS,federation,500,23256,0,112394,engine-oom,"Tried to allocate 3.3 GB, but only 2.6 GB were available"
M6,"samples downstream facilities [33]",samples,downstream,,facilities,33,"none",FIND_TARGET_IRIS,federation,429,32054,0,112156,timeout-30s,"Operation timed out. Last operation: Join on ?s2target"
M6,"samples downstream facilities [01]",samples,downstream,,facilities,01,"none",FIND_TARGET_IRIS,federation,500,21701,0,112402,engine-oom,"Tried to allocate 3.3 GB, but only 2.6 GB were available"
M6,"samples downstream facilities [50]",samples,downstream,,facilities,50,"none",FIND_TARGET_IRIS,federation,200,20811,17,1544,ok,""
M7,"samples near facilities [NO REGION]",samples,near,1,facilities,none,"none",FIND_TARGET_IRIS,federation,200,1444,4770,429430,ok,""
M7,"samples downstream facilities [NO REGION]",samples,downstream,,facilities,none,"none",FIND_TARGET_IRIS,federation,500,37312,0,96658,engine-oom,"Tried to allocate 2.6 GB, but only 1.7 GB were available"
M7,"wells near facilities [NO REGION]",wells,near,1,facilities,none,"none",FIND_TARGET_IRIS,federation,200,21566,219026,22554679,ok,""
M5,"PREBUILT: Samples Near Agricultural Chemical Facilities in Maine",samples,near,1,facilities,23,"prebuilt",FIND_TARGET_IRIS,federation,200,1620,31,3142,ok,""
M5,"PREBUILT: Samples Near Agricultural Chemical Facilities in Maine",samples,near,1,facilities,23,"prebuilt",FIND_ANCHOR_IRIS,federation,200,22456,5,535,ok,""
M5,"PREBUILT: Samples Near Agricultural Chemical Facilities in Maine",samples,near,1,facilities,23,"prebuilt",HYDRATE_TARGET_BY_IRI,federation,200,990,24,16263,ok,""
M5,"PREBUILT: Samples Near Agricultural Chemical Facilities in Maine",samples,near,1,facilities,23,"prebuilt",HYDRATE_ANCHOR_BY_IRI,federation,200,664,11,6464,ok,""
M5,"PREBUILT: Samples Near Agricultural Chemical Facilities in Maine",samples,near,1,facilities,23,"prebuilt",GET_SAMPLE_DETAILS,federation,200,11549,1904,1894113,ok,""
M5,"PREBUILT: Samples Near Agricultural Chemical Facilities in Maine",samples,near,1,facilities,23,"prebuilt",GET_REGION_BOUNDARIES,spatialkg,200,25459,16,2550452,ok,""
M5,"PREBUILT: Samples Near Landfills & DOD Sites in Penobscot and Knox County",samples,near,1,facilities,23019|23013,"prebuilt",FIND_TARGET_IRIS,federation,200,1347,61,6138,ok,""
M5,"PREBUILT: Samples Near Landfills & DOD Sites in Penobscot and Knox County",samples,near,1,facilities,23019|23013,"prebuilt",FIND_ANCHOR_IRIS,federation,200,2755,8,826,ok,""
M5,"PREBUILT: Samples Near Landfills & DOD Sites in Penobscot and Knox County",samples,near,1,facilities,23019|23013,"prebuilt",HYDRATE_TARGET_BY_IRI,federation,200,869,57,38232,ok,""
M5,"PREBUILT: Samples Near Landfills & DOD Sites in Penobscot and Knox County",samples,near,1,facilities,23019|23013,"prebuilt",HYDRATE_ANCHOR_BY_IRI,federation,200,639,8,4620,ok,""
M5,"PREBUILT: Samples Near Landfills & DOD Sites in Penobscot and Knox County",samples,near,1,facilities,23019|23013,"prebuilt",GET_SAMPLE_DETAILS,federation,200,9674,725,720167,ok,""
M5,"PREBUILT: Samples Near Landfills & DOD Sites in Penobscot and Knox County",samples,near,1,facilities,23019|23013,"prebuilt",GET_REGION_BOUNDARIES,spatialkg,200,125,16,2550451,ok,""
M5,"PREBUILT: Surface Water Bodies Near Landfills & DOD Sites in Penobscot and Knox County",waterBodies,near,1,facilities,23019|23013,"prebuilt",FIND_TARGET_IRIS,federation,200,1145,9,754,ok,""
M5,"PREBUILT: Surface Water Bodies Near Landfills & DOD Sites in Penobscot and Knox County",waterBodies,near,1,facilities,23019|23013,"prebuilt",FIND_ANCHOR_IRIS,federation,200,1038,6,632,ok,""
M5,"PREBUILT: Surface Water Bodies Near Landfills & DOD Sites in Penobscot and Knox County",waterBodies,near,1,facilities,23019|23013,"prebuilt",HYDRATE_TARGET_BY_IRI,hydrologykg,200,27534,103,2360070,ok,""
M5,"PREBUILT: Surface Water Bodies Near Landfills & DOD Sites in Penobscot and Knox County",waterBodies,near,1,facilities,23019|23013,"prebuilt",HYDRATE_ANCHOR_BY_IRI,federation,200,792,6,3501,ok,""
M5,"PREBUILT: Surface Water Bodies Near Landfills & DOD Sites in Penobscot and Knox County",waterBodies,near,1,facilities,23019|23013,"prebuilt",GET_REGION_BOUNDARIES,spatialkg,200,262,16,2550451,ok,""
M5,"PREBUILT: Samples Downstream of Waste Treatment Facilities in Indiana",samples,downstream,,facilities,18,"prebuilt",FIND_TARGET_IRIS,federation,200,22205,136,10889,ok,""
M5,"PREBUILT: Samples Downstream of Waste Treatment Facilities in Indiana",samples,downstream,,facilities,18,"prebuilt",FIND_ANCHOR_IRIS,federation,200,4555,415,40305,ok,""
M5,"PREBUILT: Samples Downstream of Waste Treatment Facilities in Indiana",samples,downstream,,facilities,18,"prebuilt",GET_FLOWLINE_GEOMETRIES,federation,200,22533,15696,15122393,ok,""
M5,"PREBUILT: Samples Downstream of Waste Treatment Facilities in Indiana",samples,downstream,,facilities,18,"prebuilt",HYDRATE_TARGET_BY_IRI,federation,200,1142,123,86977,ok,""
M5,"PREBUILT: Samples Downstream of Waste Treatment Facilities in Indiana",samples,downstream,,facilities,18,"prebuilt",HYDRATE_ANCHOR_BY_IRI,federation,200,1787,882,498450,ok,""
M5,"PREBUILT: Samples Downstream of Waste Treatment Facilities in Indiana",samples,downstream,,facilities,18,"prebuilt",GET_SAMPLE_DETAILS,federation,200,14502,2222,2328389,ok,""
M5,"PREBUILT: Samples Downstream of Waste Treatment Facilities in Indiana",samples,downstream,,facilities,18,"prebuilt",GET_REGION_BOUNDARIES,spatialkg,200,477,92,3064709,ok,""
M5,"PREBUILT: Maine Private Wells Near Landfills & DoD Sites",wells,near,1,facilities,23,"prebuilt",FIND_TARGET_IRIS,federation,200,3153,751,71552,ok,""
M5,"PREBUILT: Maine Private Wells Near Landfills & DoD Sites",wells,near,1,facilities,23,"prebuilt",FIND_ANCHOR_IRIS,federation,200,1259,38,3736,ok,""
M5,"PREBUILT: Maine Private Wells Near Landfills & DoD Sites",wells,near,1,facilities,23,"prebuilt",HYDRATE_TARGET_BY_IRI,federation,200,13384,751,567528,ok,""
M5,"PREBUILT: Maine Private Wells Near Landfills & DoD Sites",wells,near,1,facilities,23,"prebuilt",HYDRATE_ANCHOR_BY_IRI,federation,200,754,38,21384,ok,""
M5,"PREBUILT: Maine Private Wells Near Landfills & DoD Sites",wells,near,1,facilities,23,"prebuilt",GET_REGION_BOUNDARIES,spatialkg,200,273,16,2550451,ok,""
M5,"PREBUILT: Maine Private Wells Near Wastewater Treatment Facilities",wells,near,1,facilities,23,"prebuilt",FIND_TARGET_IRIS,federation,200,1351,2431,231487,ok,""
M5,"PREBUILT: Maine Private Wells Near Wastewater Treatment Facilities",wells,near,1,facilities,23,"prebuilt",FIND_ANCHOR_IRIS,federation,200,1267,135,13145,ok,""
M5,"PREBUILT: Maine Private Wells Near Wastewater Treatment Facilities",wells,near,1,facilities,23,"prebuilt",HYDRATE_TARGET_BY_IRI,federation,200,9926,2431,1845301,ok,""
M5,"PREBUILT: Maine Private Wells Near Wastewater Treatment Facilities",wells,near,1,facilities,23,"prebuilt",HYDRATE_ANCHOR_BY_IRI,federation,200,781,135,76705,ok,""
M5,"PREBUILT: Maine Private Wells Near Wastewater Treatment Facilities",wells,near,1,facilities,23,"prebuilt",GET_REGION_BOUNDARIES,spatialkg,200,109,16,2550451,ok,""
M5,"PREBUILT: Maine Private Wells Near Airports & Air Transportation Sites (AFFF)",wells,near,1,facilities,23,"prebuilt",FIND_TARGET_IRIS,federation,200,1385,4425,421382,ok,""
M5,"PREBUILT: Maine Private Wells Near Airports & Air Transportation Sites (AFFF)",wells,near,1,facilities,23,"prebuilt",FIND_ANCHOR_IRIS,federation,200,1234,174,16928,ok,""
M5,"PREBUILT: Maine Private Wells Near Airports & Air Transportation Sites (AFFF)",wells,near,1,facilities,23,"prebuilt",HYDRATE_TARGET_BY_IRI,federation,200,10910,4425,3391412,ok,""
M5,"PREBUILT: Maine Private Wells Near Airports & Air Transportation Sites (AFFF)",wells,near,1,facilities,23,"prebuilt",HYDRATE_ANCHOR_BY_IRI,federation,200,738,174,95901,ok,""
M5,"PREBUILT: Maine Private Wells Near Airports & Air Transportation Sites (AFFF)",wells,near,1,facilities,23,"prebuilt",GET_REGION_BOUNDARIES,spatialkg,200,157,16,2550451,ok,""
M5,"PREBUILT: PFHpA Groundwater Samples Downstream from Facilities in Cumberland County",samples,downstream,,facilities,23005,"prebuilt",FIND_TARGET_IRIS,federation,200,2113,0,51,ok,""
